{"accuracy": 0.5357142686843872, "auc_fn": 0.49824395775794983, "_runtime": 107, "_timestamp": 1639163033, "_step": 7, "test_accuracy": 0.6428571343421936, "test_auc": 0.5869566202163696}