{"accuracy": 0.774193525314331, "auc": 0.833203136920929, "precision": 0.800000011920929, "recall": 0.75, "_runtime": 871, "_timestamp": 1641759354, "_step": 125, "test_accuracy": 0.7096773982048035, "test_auc": 0.7815124988555908, "test_precision": 0.6086956262588501, "test_recall": 1.0, "_wandb": {"runtime": 880}}