{"accuracy": 0.8500000238418579, "auc": 0.7985600829124451, "precision": 0.0, "recall": 0.0, "_runtime": 408, "_timestamp": 1641743353, "_step": 23, "test_accuracy": 0.800000011920929, "test_auc": 0.912109375, "test_precision": 0.0, "test_recall": 0.0, "_wandb": {"runtime": 423}}