{"accuracy": 0.726190447807312, "auc_fn": 0.8807932138442993, "_runtime": 265, "_timestamp": 1640352898, "_step": 12, "test_accuracy": 0.6746987700462341, "test_auc": 0.8991227746009827}