{"accuracy": 0.5952380895614624, "auc_fn": 0.5832352638244629, "_runtime": 52, "_timestamp": 1640352973, "_step": 1, "test_accuracy": 0.6024096608161926, "test_auc": 0.7212121486663818}