{"accuracy": 0.8374999761581421, "auc": 0.6963260173797607, "precision": 0.0, "recall": 0.0, "_runtime": 217, "_timestamp": 1641743879, "_step": 3, "test_accuracy": 0.8500000238418579, "test_auc": 0.7205882668495178, "test_precision": 0.0, "test_recall": 0.0, "_wandb": {"runtime": 227}}