{"accuracy": 0.8529411554336548, "auc_fn": 0.6206896305084229, "_runtime": 63, "_timestamp": 1641731270, "_step": 4, "test_accuracy": 0.8358209133148193, "test_auc": 0.6371753215789795}