{"accuracy": 0.8999999761581421, "auc": 0.9109848141670227, "precision": 0.875, "_runtime": 596, "_timestamp": 1641742461, "_step": 35, "test_accuracy": 0.949999988079071, "test_auc": 0.8541667461395264, "test_precision": 1.0}