{"accuracy": 0.6693548560142517, "auc": 0.7280701994895935, "precision": 0.6666666865348816, "recall": 0.7761194109916687, "_runtime": 442, "_timestamp": 1641758464, "_step": 59, "test_accuracy": 0.6451612710952759, "test_auc": 0.7931817770004272, "test_precision": 0.5, "test_recall": 0.8181818127632141, "_wandb": {"runtime": 443}}